[
  {
    "id": "4979cffa-6b3d-4a3d-8ee5-8c3ce3ebf47e",
    "data": [
      {
        "text": "How much does ",
        "userDefined": false
      },
      {
        "text": "infosys",
        "alias": "company_name",
        "meta": "@sys.any",
        "userDefined": true
      },
      {
        "text": " cost?",
        "userDefined": false
      }
    ],
    "isTemplate": false,
    "count": 0,
    "updated": 0
  },
  {
    "id": "004b3b2b-9faa-4af6-b154-fe6b98f23cd0",
    "data": [
      {
        "text": "What is the stock price of ",
        "userDefined": false
      },
      {
        "text": "Infosys",
        "alias": "company_name",
        "meta": "@sys.any",
        "userDefined": true
      },
      {
        "text": "?",
        "userDefined": false
      }
    ],
    "isTemplate": false,
    "count": 0,
    "updated": 1509788007
  }
]